{
  "manifest": {
    "apis": {
      "custom": {
        "endpoint": {
          "uri": "arn:aws:lambda:us-east-1:345643488709:function:9d512922-e08d-4421-bc23-57a159d874e5:Release_0"
        },
        "interfaces": [],
        "locales": {},
        "regions": {
          "NA": {
            "endpoint": {
              "uri": "arn:aws:lambda:us-east-1:345643488709:function:9d512922-e08d-4421-bc23-57a159d874e5:Release_0"
            }
          },
          "EU": {
            "endpoint": {
              "uri": "arn:aws:lambda:eu-west-1:345643488709:function:9d512922-e08d-4421-bc23-57a159d874e5:Release_0"
            }
          },
          "FE": {
            "endpoint": {
              "uri": "arn:aws:lambda:us-west-2:345643488709:function:9d512922-e08d-4421-bc23-57a159d874e5:Release_0"
            }
          }
        }
      }
    },
    "manifestVersion": "1.0",
    "permissions": [
      {
        "name": "alexa::profile:given_name:read"
      },
      {
        "name": "alexa::alerts:reminders:skill:readwrite"
      },
      {
        "name": "alexa::alerts:timers:skill:readwrite"
      }
    ],
    "privacyAndCompliance": {
      "locales": {
        "es-MX": {}
      },
      "shoppingKit": {
        "isAmazonAssociatesOnAlexaEnabled": false,
        "isShoppingActionsEnabled": false
      }
    },
    "publishingInformation": {
      "automaticDistribution": {
        "isActive": false
      },
      "category": "DEVICE_TRACKING",
      "distributionCountries": [],
      "isAvailableWorldwide": true,
      "locales": {
        "es-MX": {
          "description": "Sample Full Description",
          "examplePhrases": [
            "Alexa, Abre mi trabajo",
            "dime mi configuración",
            "configurar skill"
          ],
          "keywords": [],
          "name": "mi prueba",
          "summary": "Sample Short Description"
        }
      },
      "testingInstructions": "{\"ask_dist_username\":\"\",\"ask_dist_password\":\"\",\"ask_dist_testing_instructions\":\"Sample Testing Instructions.\"}"
    }
  }
}